Date,Reservoir,Storage_AF,Capacity_AF,Percent_Capacity,Spill_Event
2024-01-01,Strawberry,997718.2560215102,1100000,90.70165963831911,0
2024-01-01,Jordanelle,297661.7059415857,320000,93.01928310674553,0
2024-01-01,Utah_Lake,735990.133303587,850000,86.58707450630435,0
2024-01-02,Strawberry,1002642.4599902886,1100000,91.1493145445717,0
2024-01-02,Jordanelle,288040.35757071705,320000,90.01261174084908,0
2024-01-02,Utah_Lake,744811.5977935658,850000,87.62489385806657,0
2024-01-03,Strawberry,1000887.1078282546,1100000,90.98973707529588,0
2024-01-03,Jordanelle,297967.8262580435,320000,93.11494570563859,0
2024-01-03,Utah_Lake,738267.5851349033,850000,86.85501001587099,0
2024-01-04,Strawberry,998901.4105558224,1100000,90.8092191414384,0
2024-01-04,Jordanelle,294609.12273518223,320000,92.06535085474444,0
2024-01-04,Utah_Lake,737127.8688223128,850000,86.7209257438015,0
2024-01-05,Strawberry,1000775.174383124,1100000,90.97956130755672,0
2024-01-05,Jordanelle,303720.1257386176,320000,94.912539293318,0
2024-01-05,Utah_Lake,742962.6328734198,850000,87.4073685733435,0
2024-01-06,Strawberry,1005464.8911603808,1100000,91.40589919639825,0
2024-01-06,Jordanelle,297145.15868409385,320000,92.85786208877933,0
2024-01-06,Utah_Lake,750849.183317767,850000,88.33519803738436,0
2024-01-07,Strawberry,1000144.5327732032,1100000,90.92223025210939,0
2024-01-07,Jordanelle,298725.9377097942,320000,93.35185553431069,0
2024-01-07,Utah_Lake,745693.3774705257,850000,87.72863264359125,0
2024-01-08,Strawberry,1006944.3246244456,1100000,91.54039314767688,0
2024-01-08,Jordanelle,286062.8647490006,320000,89.3946452340627,0
2024-01-08,Utah_Lake,741077.9136172864,850000,87.18563689615134,0
2024-01-09,Strawberry,1006873.3010161929,1100000,91.53393645601754,0
2024-01-09,Jordanelle,298308.4145965351,320000,93.22137956141722,0
2024-01-09,Utah_Lake,745096.9575976935,850000,87.65846559972866,0
2024-01-10,Strawberry,1006131.1220488917,1100000,91.46646564080834,0
2024-01-10,Jordanelle,296344.0813633621,320000,92.60752542605066,0
2024-01-10,Utah_Lake,737976.687591056,850000,86.82078677541836,0
2024-01-11,Strawberry,1016495.0826379528,1100000,92.40864387617752,0
2024-01-11,Jordanelle,293804.11673127447,320000,91.81378647852327,0
2024-01-11,Utah_Lake,744801.9405586593,850000,87.62375771278344,0
2024-01-12,Strawberry,1000925.1489644696,1100000,90.99319536040632,0
2024-01-12,Jordanelle,303727.19682096085,320000,94.91474900655027,0
2024-01-12,Utah_Lake,739483.8752128718,850000,86.99810296622022,0
2024-01-13,Strawberry,1015339.754949481,1100000,92.30361408631646,0
2024-01-13,Jordanelle,301530.3902822874,320000,94.2282469632148,0
2024-01-13,Utah_Lake,755229.6197488164,850000,88.85054349986075,0
2024-01-14,Strawberry,1000796.4383531255,1100000,90.98149439573868,0
2024-01-14,Jordanelle,302965.79180069955,320000,94.67680993771862,0
2024-01-14,Utah_Lake,749450.0023588582,850000,88.17058851280684,0
2024-01-15,Strawberry,1007324.6902238376,1100000,91.5749718385307,0
2024-01-15,Jordanelle,299610.9467592972,320000,93.62842086228038,0
2024-01-15,Utah_Lake,749854.2728298417,850000,88.21814974468725,0
2024-01-16,Strawberry,1017218.3782730221,1100000,92.47439802482019,0
2024-01-16,Jordanelle,291961.39003320836,320000,91.23793438537761,0
2024-01-16,Utah_Lake,754007.8857955042,850000,88.70681009358873,0
2024-01-17,Strawberry,1014395.1781622944,1100000,92.21774346929949,0
2024-01-17,Jordanelle,305217.87990711693,320000,95.38058747097405,0
2024-01-17,Utah_Lake,756271.8513961311,850000,88.97315898778014,0
2024-01-18,Strawberry,1016236.6020744953,1100000,92.38514564313593,0
2024-01-18,Jordanelle,293018.8292295724,320000,91.56838413424137,0
2024-01-18,Utah_Lake,753763.4981216121,850000,88.67805860254259,0
2024-01-19,Strawberry,1013661.6132640776,1100000,92.15105575127977,0
2024-01-19,Jordanelle,308517.61205700913,320000,96.41175376781536,0
2024-01-19,Utah_Lake,756815.5569609036,850000,89.0371243483416,0
2024-01-20,Strawberry,1010638.1432280713,1100000,91.87619483891557,0
2024-01-20,Jordanelle,302315.86733659887,320000,94.47370854268713,0
2024-01-20,Utah_Lake,752739.1287375514,850000,88.557544557359,0
2024-01-21,Strawberry,1014741.4961226593,1100000,92.24922692024175,0
2024-01-21,Jordanelle,300482.55933926144,320000,93.9007997935192,0
2024-01-21,Utah_Lake,758642.9925947184,850000,89.25211677584922,0
2024-01-22,Strawberry,1016650.6084218792,1100000,92.4227825838072,0
2024-01-22,Jordanelle,297446.96214574785,320000,92.9521756705462,0
2024-01-22,Utah_Lake,754137.040893111,850000,88.72200481095423,0
2024-01-23,Strawberry,1024113.1093213297,1100000,93.10119175648452,0
2024-01-23,Jordanelle,296717.9611611749,320000,92.72436286286717,0
2024-01-23,Utah_Lake,755785.88876602,850000,88.9159869136494,0
2024-01-24,Strawberry,1022772.2146085104,1100000,92.97929223713732,0
2024-01-24,Jordanelle,295592.55510655226,320000,92.37267347079758,0
2024-01-24,Utah_Lake,751221.510430027,850000,88.379001227062,0
2024-01-25,Strawberry,1024599.773819657,1100000,93.14543398360519,0
2024-01-25,Jordanelle,285893.21028302575,320000,89.34162821344555,0
2024-01-25,Utah_Lake,762280.1575896877,850000,89.68001853996326,0
2024-01-26,Strawberry,1021757.137740205,1100000,92.88701252183682,0
2024-01-26,Jordanelle,300020.4663032468,320000,93.75639571976461,0
2024-01-26,Utah_Lake,753442.8536604024,850000,88.64033572475321,0
2024-01-27,Strawberry,1029915.6779690245,1100000,93.62869799718405,0
2024-01-27,Jordanelle,298461.2214124973,320000,93.2691316914054,0
2024-01-27,Utah_Lake,757686.116377366,850000,89.13954310321954,0
2024-01-28,Strawberry,1026130.4023291453,1100000,93.2845820299223,0
2024-01-28,Jordanelle,302274.5054701859,320000,94.46078295943309,0
2024-01-28,Utah_Lake,757328.853007841,850000,89.09751211856954,0
2024-01-29,Strawberry,1021845.6678677696,1100000,92.89506071525179,0
2024-01-29,Jordanelle,289037.0222347491,320000,90.3240694483591,0
2024-01-29,Utah_Lake,757439.2468575306,850000,89.11049963029771,0
2024-01-30,Strawberry,1025600.7856848951,1100000,93.23643506226318,0
2024-01-30,Jordanelle,308041.49816355505,320000,96.26296817611095,0
2024-01-30,Utah_Lake,765123.6654179891,850000,90.01454887270461,0
2024-01-31,Strawberry,1029595.2899074054,1100000,93.59957180976413,0
2024-01-31,Jordanelle,300367.5474856145,320000,93.86485858925452,0
2024-01-31,Utah_Lake,755524.9649863974,850000,88.8852899983997,0
2024-02-01,Strawberry,1021240.3317062852,1100000,92.84003015511684,0
2024-02-01,Jordanelle,298864.8202232927,320000,93.39525631977897,0
2024-02-01,Utah_Lake,763564.1634893753,850000,89.83107805757356,0
2024-02-02,Strawberry,1031282.5541148629,1100000,93.75295946498754,0
2024-02-02,Jordanelle,307976.77193212864,320000,96.2427412287902,0
2024-02-02,Utah_Lake,765002.560658984,850000,90.00030125399812,0
2024-02-03,Strawberry,1024470.1013189304,1100000,93.13364557444822,0
2024-02-03,Jordanelle,309160.4588734399,320000,96.61264339794997,0
2024-02-03,Utah_Lake,765335.7179139489,850000,90.03949622517047,0
2024-02-04,Strawberry,1026105.6277501462,1100000,93.28232979546783,0
2024-02-04,Jordanelle,304236.30276708055,320000,95.07384461471267,0
2024-02-04,Utah_Lake,763955.147747637,850000,89.87707620560435,0
2024-02-05,Strawberry,1019915.6690906121,1100000,92.71960628096474,0
2024-02-05,Jordanelle,305304.5276182011,320000,95.40766488068785,0
2024-02-05,Utah_Lake,762284.5662348977,850000,89.68053720410562,0
2024-02-06,Strawberry,1030285.4175940651,1100000,93.66231069036955,0
2024-02-06,Jordanelle,315559.64819515287,320000,98.61239006098526,0
2024-02-06,Utah_Lake,760763.9218605658,850000,89.50163786594891,0
2024-02-07,Strawberry,1027938.311552225,1100000,93.44893741383864,0
2024-02-07,Jordanelle,311229.45142121456,320000,97.25920356912955,0
2024-02-07,Utah_Lake,771399.76601044,850000,90.75291364828705,0
2024-02-08,Strawberry,1026988.4847234088,1100000,93.3625895203099,0
2024-02-08,Jordanelle,301837.2611641664,320000,94.324144113802,0
2024-02-08,Utah_Lake,765375.9499524116,850000,90.04422940616607,0
2024-02-09,Strawberry,1030215.0560366291,1100000,93.6559141851481,0
2024-02-09,Jordanelle,298478.3433098426,320000,93.2744822843258,0
2024-02-09,Utah_Lake,765824.1910775416,850000,90.09696365618136,0
2024-02-10,Strawberry,1025294.6857305333,1100000,93.20860779368485,0
2024-02-10,Jordanelle,310072.20909703226,320000,96.89756534282257,0
2024-02-10,Utah_Lake,766636.2820111779,850000,90.19250376602092,0
2024-02-11,Strawberry,1024702.1280854013,1100000,93.15473891685467,0
2024-02-11,Jordanelle,296289.67055335833,320000,92.59052204792447,0
2024-02-11,Utah_Lake,770961.3992278534,850000,90.70134108562982,0
2024-02-12,Strawberry,1036518.6919886823,1100000,94.2289719989711,0
2024-02-12,Jordanelle,304020.8589571173,320000,95.00651842409916,0
2024-02-12,Utah_Lake,769897.5938782368,850000,90.57618751508669,0
2024-02-13,Strawberry,1037478.0749579865,1100000,94.31618863254423,0
2024-02-13,Jordanelle,315661.66592737957,320000,98.64427060230612,0
2024-02-13,Utah_Lake,768427.6930038753,850000,90.40325800045592,0
2024-02-14,Strawberry,1038004.6656328297,1100000,94.36406051207543,0
2024-02-14,Jordanelle,297849.0459470051,320000,93.0778268584391,0
2024-02-14,Utah_Lake,774899.6948841829,850000,91.16466998637446,0
2024-02-15,Strawberry,1047958.0292401642,1100000,95.26891174910584,0
2024-02-15,Jordanelle,305283.14445242175,320000,95.40098264138179,0
2024-02-15,Utah_Lake,765908.4828877895,850000,90.10688033973993,0
2024-02-16,Strawberry,1042789.4341508371,1100000,94.79903946825792,0
2024-02-16,Jordanelle,301603.4965708083,320000,94.25109267837759,0
2024-02-16,Utah_Lake,769427.2080621064,850000,90.52084800730663,0
2024-02-17,Strawberry,1031364.233197581,1100000,93.76038483614373,0
2024-02-17,Jordanelle,312848.16821219405,320000,97.76505256631064,0
2024-02-17,Utah_Lake,770641.9962000086,850000,90.66376425882453,0
2024-02-18,Strawberry,1039936.2560408758,1100000,94.53965964007962,0
2024-02-18,Jordanelle,301703.9116097037,320000,94.2824723780324,0
2024-02-18,Utah_Lake,771995.6716652217,850000,90.82302019590843,0
2024-02-19,Strawberry,1050437.5236725635,1100000,95.49432033386941,0
2024-02-19,Jordanelle,306348.29060251976,320000,95.73384081328743,0
2024-02-19,Utah_Lake,773090.2672429084,850000,90.95179614622452,0
2024-02-20,Strawberry,1026864.6456233129,1100000,93.35133142030118,0
2024-02-20,Jordanelle,309292.5717955615,320000,96.65392868611298,0
2024-02-20,Utah_Lake,761310.2613996252,850000,89.56591310583826,0
2024-02-21,Strawberry,1042334.46877662,1100000,94.75767897969273,0
2024-02-21,Jordanelle,302864.4098286227,320000,94.64512807144459,0
2024-02-21,Utah_Lake,764991.0200259116,850000,89.9989435324602,0
2024-02-22,Strawberry,1046158.3159258366,1100000,95.10530144780333,0
2024-02-22,Jordanelle,320000.0,320000,100.0,0
2024-02-22,Utah_Lake,776072.3847272352,850000,91.30263349732178,0
2024-02-23,Strawberry,1034487.6570551944,1100000,94.04433245956312,0
2024-02-23,Jordanelle,314564.0760964037,320000,98.30127378012615,0
2024-02-23,Utah_Lake,772924.4526973887,850000,90.93228855263396,0
2024-02-24,Strawberry,1043369.6869573042,1100000,94.8517897233913,0
2024-02-24,Jordanelle,307429.2017853361,320000,96.07162555791753,0
2024-02-24,Utah_Lake,777330.623230451,850000,91.45066155652366,0
2024-02-25,Strawberry,1042194.7475313409,1100000,94.74497704830372,0
2024-02-25,Jordanelle,306906.0885014018,320000,95.90815265668807,0
2024-02-25,Utah_Lake,779057.969034214,850000,91.65387870990753,0
2024-02-26,Strawberry,1042848.2571004067,1100000,94.80438700912788,0
2024-02-26,Jordanelle,310267.61619164556,320000,96.95863005988924,0
2024-02-26,Utah_Lake,776037.9321379202,850000,91.29858025152002,0
2024-02-27,Strawberry,1039187.6545471512,1100000,94.47160495883192,0
2024-02-27,Jordanelle,306205.4186855906,320000,95.68919333924707,0
2024-02-27,Utah_Lake,770805.8955618258,850000,90.6830465366854,0
2024-02-28,Strawberry,1046422.6434813243,1100000,95.12933122557494,0
2024-02-28,Jordanelle,304464.5068306428,320000,95.14515838457588,0
2024-02-28,Utah_Lake,781974.3832556864,850000,91.99698626537487,0
2024-02-29,Strawberry,1032170.2681708325,1100000,93.83366074280296,0
2024-02-29,Jordanelle,307393.61061025434,320000,96.06050331570448,0
2024-02-29,Utah_Lake,774531.7979629879,850000,91.12138799564565,0
2024-03-01,Strawberry,1044536.9686144192,1100000,94.95790623767448,0
2024-03-01,Jordanelle,307661.2985512475,320000,96.14415579726486,0
2024-03-01,Utah_Lake,777902.2317372967,850000,91.51790961615255,0
2024-03-02,Strawberry,1034028.9494062349,1100000,94.00263176420317,0
2024-03-02,Jordanelle,309365.08187578793,320000,96.67658808618373,0
2024-03-02,Utah_Lake,773542.6936435017,850000,91.00502278158844,0
2024-03-03,Strawberry,1043383.3046114021,1100000,94.85302769194564,0
2024-03-03,Jordanelle,308832.88328660175,320000,96.51027602706304,0
2024-03-03,Utah_Lake,771430.28410061,850000,90.75650401183647,0
2024-03-04,Strawberry,1046857.8068594906,1100000,95.16889153268096,0
2024-03-04,Jordanelle,307330.8476334173,320000,96.04088988544291,0
2024-03-04,Utah_Lake,784418.7876363373,850000,92.28456325133381,0
2024-03-05,Strawberry,1044411.8705879846,1100000,94.94653368981677,0
2024-03-05,Jordanelle,309394.1303972206,320000,96.68566574913145,0
2024-03-05,Utah_Lake,781467.518771242,850000,91.93735514955789,0
2024-03-06,Strawberry,1047484.9171906649,1100000,95.22590156278771,0
2024-03-06,Jordanelle,307733.0252311683,320000,96.1665703847401,0
2024-03-06,Utah_Lake,774530.5388367632,850000,91.12123986314862,0
2024-03-07,Strawberry,1045083.9789951514,1100000,95.00763445410468,0
2024-03-07,Jordanelle,306602.49514836085,320000,95.81327973386277,0
2024-03-07,Utah_Lake,775760.9183392904,850000,91.2659903928577,0
2024-03-08,Strawberry,1048774.6436466924,1100000,95.34314942242658,0
2024-03-08,Jordanelle,306932.8351653818,320000,95.9165109891818,0
2024-03-08,Utah_Lake,778199.195010402,850000,91.552846471812,0
2024-03-09,Strawberry,1048690.7089961176,1100000,95.33551899964705,0
2024-03-09,Jordanelle,309180.1892510733,320000,96.61880914096041,0
2024-03-09,Utah_Lake,784637.2458083612,850000,92.31026421274838,0
2024-03-10,Strawberry,1044098.9793036235,1100000,94.91808902760214,0
2024-03-10,Jordanelle,301433.809013055,320000,94.19806531657969,0
2024-03-10,Utah_Lake,776486.6399306391,850000,91.3513694036046,0
2024-03-11,Strawberry,1050284.7830487713,1100000,95.48043482261558,0
2024-03-11,Jordanelle,312394.4154087586,320000,97.62325481523708,0
2024-03-11,Utah_Lake,771463.09708251,850000,90.76036436264823,0
2024-03-12,Strawberry,1056338.543359397,1100000,96.03077666903609,0
2024-03-12,Jordanelle,315910.67518686934,320000,98.72208599589666,0
2024-03-12,Utah_Lake,776126.751748603,850000,91.3090296174827,0
2024-03-13,Strawberry,1043308.8597905776,1100000,94.8462599809616,0
2024-03-13,Jordanelle,295407.3161011501,320000,92.31478628160941,0
2024-03-13,Utah_Lake,776980.4465558395,850000,91.409464300687,0
2024-03-14,Strawberry,1041859.2753679046,1100000,94.71447957890041,0
2024-03-14,Jordanelle,301654.1202161776,320000,94.26691256755551,0
2024-03-14,Utah_Lake,778248.2599017383,850000,91.55861881196921,0
2024-03-15,Strawberry,1056143.397792743,1100000,96.01303616297663,0
2024-03-15,Jordanelle,307135.5305711545,320000,95.97985330348577,0
2024-03-15,Utah_Lake,770688.3258956493,850000,90.66921481125286,0
2024-03-16,Strawberry,1052994.576752057,1100000,95.72677970473245,0
2024-03-16,Jordanelle,316737.74382532627,320000,98.98054494541447,0
2024-03-16,Utah_Lake,771027.6571153268,850000,90.70913613121492,0
2024-03-17,Strawberry,1048526.0741040534,1100000,95.32055219127759,0
2024-03-17,Jordanelle,302254.47129612404,320000,94.45452228003876,0
2024-03-17,Utah_Lake,782144.9427957628,850000,92.01705209361916,0
2024-03-18,Strawberry,1049898.2708576613,1100000,95.44529735069648,0
2024-03-18,Jordanelle,312065.8773362509,320000,97.52058666757841,0
2024-03-18,Utah_Lake,777089.7254979585,850000,91.42232064681865,0
2024-03-19,Strawberry,1045328.8341513305,1100000,95.02989401375731,0
2024-03-19,Jordanelle,312861.34349731304,320000,97.76916984291032,0
2024-03-19,Utah_Lake,776135.1159911479,850000,91.31001364601741,0
2024-03-20,Strawberry,1056749.7696744835,1100000,96.06816087949849,0
2024-03-20,Jordanelle,312778.7833505167,320000,97.74336979703646,0
2024-03-20,Utah_Lake,775965.2599207074,850000,91.29003057890675,0
2024-03-21,Strawberry,1055540.7710324035,1100000,95.95825191203667,0
2024-03-21,Jordanelle,311519.2655998842,320000,97.34977049996381,0
2024-03-21,Utah_Lake,788764.6274766851,850000,92.79583852666885,0
2024-03-22,Strawberry,1060542.2258475635,1100000,96.41292962250577,0
2024-03-22,Jordanelle,320000.0,320000,100.0,0
2024-03-22,Utah_Lake,784651.3592088592,850000,92.31192461280696,0
2024-03-23,Strawberry,1068021.1506524698,1100000,97.09283187749726,0
2024-03-23,Jordanelle,318312.7765234931,320000,99.47274266359159,0
2024-03-23,Utah_Lake,794099.093503869,850000,93.42342276516106,0
2024-03-24,Strawberry,1071497.5096022114,1100000,97.40886450929194,0
2024-03-24,Jordanelle,317926.4480390587,320000,99.35201501220585,0
2024-03-24,Utah_Lake,788973.9546285121,850000,92.82046525041319,0
2024-03-25,Strawberry,1079989.3253829605,1100000,98.18084776208732,0
2024-03-25,Jordanelle,312798.30667066184,320000,97.74947083458183,0
2024-03-25,Utah_Lake,800851.2669742722,850000,94.21779611462026,0
2024-03-26,Strawberry,1086661.0888693363,1100000,98.78737171539422,0
2024-03-26,Jordanelle,309427.02500393323,320000,96.69594531372914,0
2024-03-26,Utah_Lake,799019.0221581653,850000,94.00223790096062,0
2024-03-27,Strawberry,1079008.0895790916,1100000,98.09164450719014,0
2024-03-27,Jordanelle,320000.0,320000,100.0,0
2024-03-27,Utah_Lake,804561.51568687,850000,94.65429596316118,0
2024-03-28,Strawberry,1091522.0387712899,1100000,99.22927625193545,0
2024-03-28,Jordanelle,316861.0286117365,320000,99.01907144116765,0
2024-03-28,Utah_Lake,806498.3192089812,850000,94.88215520105662,0
2024-03-29,Strawberry,1081278.6913752165,1100000,98.29806285229242,0
2024-03-29,Jordanelle,317133.6049052224,320000,99.104251532882,0
2024-03-29,Utah_Lake,810500.9407336585,850000,95.35305185101865,0
2024-03-30,Strawberry,1090783.0657601887,1100000,99.16209688728989,0
2024-03-30,Jordanelle,312203.74273927027,320000,97.56366960602196,0
2024-03-30,Utah_Lake,814938.8520468518,850000,95.8751590643355,0
2024-03-31,Strawberry,1100000.0,1100000,100.0,0
2024-03-31,Jordanelle,317227.6585528949,320000,99.13364329777966,0
2024-03-31,Utah_Lake,814310.2215778711,850000,95.80120253857307,0
2024-04-01,Strawberry,1100000.0,1100000,100.0,0
2024-04-01,Jordanelle,320000.0,320000,100.0,0
2024-04-01,Utah_Lake,827529.4767483593,850000,97.35640902921874,0
2024-04-02,Strawberry,1100000.0,1100000,100.0,0
2024-04-02,Jordanelle,320000.0,320000,100.0,0
2024-04-02,Utah_Lake,820407.456506439,850000,96.51852429487518,0
2024-04-03,Strawberry,1100000.0,1100000,100.0,0
2024-04-03,Jordanelle,320000.0,320000,100.0,0
2024-04-03,Utah_Lake,821642.1465996867,850000,96.66378195290432,0
2024-04-04,Strawberry,1100000.0,1100000,100.0,0
2024-04-04,Jordanelle,320000.0,320000,100.0,0
2024-04-04,Utah_Lake,826041.0240880885,850000,97.18129695153984,0
2024-04-05,Strawberry,1100000.0,1100000,100.0,0
2024-04-05,Jordanelle,319711.6383816431,320000,99.90988699426347,0
2024-04-05,Utah_Lake,831512.0764915529,850000,97.82495017547681,0
2024-04-06,Strawberry,1100000.0,1100000,100.0,0
2024-04-06,Jordanelle,320000.0,320000,100.0,0
2024-04-06,Utah_Lake,837946.3439211852,850000,98.58192281425708,0
2024-04-07,Strawberry,1100000.0,1100000,100.0,0
2024-04-07,Jordanelle,320000.0,320000,100.0,0
2024-04-07,Utah_Lake,837894.7473919527,850000,98.57585263434737,0
2024-04-08,Strawberry,1100000.0,1100000,100.0,0
2024-04-08,Jordanelle,320000.0,320000,100.0,0
2024-04-08,Utah_Lake,839026.688432325,850000,98.70902216850882,0
2024-04-09,Strawberry,1100000.0,1100000,100.0,0
2024-04-09,Jordanelle,320000.0,320000,100.0,0
2024-04-09,Utah_Lake,837829.1022795006,850000,98.56812967994124,0
2024-04-10,Strawberry,1100000.0,1100000,100.0,0
2024-04-10,Jordanelle,320000.0,320000,100.0,0
2024-04-10,Utah_Lake,837332.7957156836,850000,98.50974067243337,0
2024-04-11,Strawberry,1100000.0,1100000,100.0,0
2024-04-11,Jordanelle,320000.0,320000,100.0,0
2024-04-11,Utah_Lake,840275.7752253903,850000,98.85597355592827,0
2024-04-12,Strawberry,1100000.0,1100000,100.0,0
2024-04-12,Jordanelle,320000.0,320000,100.0,0
2024-04-12,Utah_Lake,849019.2994101754,850000,99.88462346002063,0
2024-04-13,Strawberry,1100000.0,1100000,100.0,0
2024-04-13,Jordanelle,320000.0,320000,100.0,0
2024-04-13,Utah_Lake,849395.8941484247,850000,99.92892872334409,0
2024-04-14,Strawberry,1100000.0,1100000,100.0,0
2024-04-14,Jordanelle,320000.0,320000,100.0,0
2024-04-14,Utah_Lake,849967.6101121207,850000,99.99618942495539,0
2024-04-15,Strawberry,1100000.0,1100000,100.0,0
2024-04-15,Jordanelle,320000.0,320000,100.0,0
2024-04-15,Utah_Lake,850000.0,850000,100.0,0
2024-04-16,Strawberry,1100000.0,1100000,100.0,0
2024-04-16,Jordanelle,320000.0,320000,100.0,0
2024-04-16,Utah_Lake,847183.8728680878,850000,99.66869092565739,0
2024-04-17,Strawberry,1100000.0,1100000,100.0,0
2024-04-17,Jordanelle,320000.0,320000,100.0,0
2024-04-17,Utah_Lake,850000.0,850000,100.0,0
2024-04-18,Strawberry,1100000.0,1100000,100.0,0
2024-04-18,Jordanelle,320000.0,320000,100.0,0
2024-04-18,Utah_Lake,850000.0,850000,100.0,0
2024-04-19,Strawberry,1100000.0,1100000,100.0,0
2024-04-19,Jordanelle,320000.0,320000,100.0,0
2024-04-19,Utah_Lake,850000.0,850000,100.0,0
2024-04-20,Strawberry,1100000.0,1100000,100.0,0
2024-04-20,Jordanelle,320000.0,320000,100.0,0
2024-04-20,Utah_Lake,850000.0,850000,100.0,0
2024-04-21,Strawberry,1100000.0,1100000,100.0,0
2024-04-21,Jordanelle,320000.0,320000,100.0,0
2024-04-21,Utah_Lake,850000.0,850000,100.0,0
2024-04-22,Strawberry,1100000.0,1100000,100.0,0
2024-04-22,Jordanelle,320000.0,320000,100.0,0
2024-04-22,Utah_Lake,850000.0,850000,100.0,0
2024-04-23,Strawberry,1100000.0,1100000,100.0,0
2024-04-23,Jordanelle,320000.0,320000,100.0,0
2024-04-23,Utah_Lake,850000.0,850000,100.0,0
2024-04-24,Strawberry,1100000.0,1100000,100.0,0
2024-04-24,Jordanelle,320000.0,320000,100.0,0
2024-04-24,Utah_Lake,850000.0,850000,100.0,0
2024-04-25,Strawberry,1100000.0,1100000,100.0,0
2024-04-25,Jordanelle,320000.0,320000,100.0,0
2024-04-25,Utah_Lake,849511.2465890434,850000,99.94249959871098,0
2024-04-26,Strawberry,1100000.0,1100000,100.0,0
2024-04-26,Jordanelle,320000.0,320000,100.0,0
2024-04-26,Utah_Lake,850000.0,850000,100.0,0
2024-04-27,Strawberry,1100000.0,1100000,100.0,0
2024-04-27,Jordanelle,320000.0,320000,100.0,0
2024-04-27,Utah_Lake,849805.5095347909,850000,99.97711876879892,0
2024-04-28,Strawberry,1100000.0,1100000,100.0,0
2024-04-28,Jordanelle,320000.0,320000,100.0,0
2024-04-28,Utah_Lake,850000.0,850000,100.0,0
2024-04-29,Strawberry,1100000.0,1100000,100.0,0
2024-04-29,Jordanelle,320000.0,320000,100.0,0
2024-04-29,Utah_Lake,850000.0,850000,100.0,0
2024-04-30,Strawberry,1100000.0,1100000,100.0,0
2024-04-30,Jordanelle,320000.0,320000,100.0,0
2024-04-30,Utah_Lake,850000.0,850000,100.0,0
2024-05-01,Strawberry,1100000.0,1100000,100.0,0
2024-05-01,Jordanelle,320000.0,320000,100.0,0
2024-05-01,Utah_Lake,850000.0,850000,100.0,0
2024-05-02,Strawberry,1100000.0,1100000,100.0,0
2024-05-02,Jordanelle,320000.0,320000,100.0,0
2024-05-02,Utah_Lake,850000.0,850000,100.0,0
2024-05-03,Strawberry,1100000.0,1100000,100.0,0
2024-05-03,Jordanelle,320000.0,320000,100.0,0
2024-05-03,Utah_Lake,839621.0167737859,850000,98.77894314985717,0
2024-05-04,Strawberry,1100000.0,1100000,100.0,0
2024-05-04,Jordanelle,320000.0,320000,100.0,0
2024-05-04,Utah_Lake,850000.0,850000,100.0,0
2024-05-05,Strawberry,1100000.0,1100000,100.0,0
2024-05-05,Jordanelle,320000.0,320000,100.0,0
2024-05-05,Utah_Lake,846400.7855218921,850000,99.57656300257554,0
2024-05-06,Strawberry,1100000.0,1100000,100.0,0
2024-05-06,Jordanelle,320000.0,320000,100.0,0
2024-05-06,Utah_Lake,845502.4454327858,850000,99.47087593326891,0
2024-05-07,Strawberry,1100000.0,1100000,100.0,0
2024-05-07,Jordanelle,320000.0,320000,100.0,0
2024-05-07,Utah_Lake,848619.2313778208,850000,99.8375566326848,0
2024-05-08,Strawberry,1100000.0,1100000,100.0,0
2024-05-08,Jordanelle,320000.0,320000,100.0,0
2024-05-08,Utah_Lake,836491.4735503271,850000,98.41076159415614,0
2024-05-09,Strawberry,1100000.0,1100000,100.0,0
2024-05-09,Jordanelle,320000.0,320000,100.0,0
2024-05-09,Utah_Lake,842056.5679894591,850000,99.0654785869952,0
2024-05-10,Strawberry,1100000.0,1100000,100.0,0
2024-05-10,Jordanelle,320000.0,320000,100.0,0
2024-05-10,Utah_Lake,830715.7499745807,850000,97.73126470289185,0
2024-05-11,Strawberry,1100000.0,1100000,100.0,0
2024-05-11,Jordanelle,320000.0,320000,100.0,0
2024-05-11,Utah_Lake,829532.0354881767,850000,97.59200417507962,0
2024-05-12,Strawberry,1100000.0,1100000,100.0,0
2024-05-12,Jordanelle,320000.0,320000,100.0,0
2024-05-12,Utah_Lake,831457.4439202655,850000,97.81852281414889,0
2024-05-13,Strawberry,1100000.0,1100000,100.0,0
2024-05-13,Jordanelle,320000.0,320000,100.0,0
2024-05-13,Utah_Lake,830322.9400943554,850000,97.68505177580651,0
2024-05-14,Strawberry,1100000.0,1100000,100.0,0
2024-05-14,Jordanelle,320000.0,320000,100.0,0
2024-05-14,Utah_Lake,832128.363240933,850000,97.8974544989333,0
2024-05-15,Strawberry,1100000.0,1100000,100.0,0
2024-05-15,Jordanelle,320000.0,320000,100.0,0
2024-05-15,Utah_Lake,815217.6230141858,850000,95.90795564872774,0
2024-05-16,Strawberry,1100000.0,1100000,100.0,0
2024-05-16,Jordanelle,320000.0,320000,100.0,0
2024-05-16,Utah_Lake,822262.7686080183,850000,96.73679630682568,0
2024-05-17,Strawberry,1100000.0,1100000,100.0,0
2024-05-17,Jordanelle,320000.0,320000,100.0,0
2024-05-17,Utah_Lake,828903.6509583076,850000,97.5180765833303,0
2024-05-18,Strawberry,1095065.4653686634,1100000,99.55140594260577,0
2024-05-18,Jordanelle,315992.17173247726,320000,98.74755366639914,0
2024-05-18,Utah_Lake,813737.8597717407,850000,95.7338658554989,0
2024-05-19,Strawberry,1100000.0,1100000,100.0,0
2024-05-19,Jordanelle,320000.0,320000,100.0,0
2024-05-19,Utah_Lake,806249.7593183129,850000,94.852912860978,0
2024-05-20,Strawberry,1099110.0156038513,1100000,99.91909232762285,0
2024-05-20,Jordanelle,320000.0,320000,100.0,0
2024-05-20,Utah_Lake,807853.6980138721,850000,95.04161153104378,0
2024-05-21,Strawberry,1089184.3616200532,1100000,99.01676014727757,0
2024-05-21,Jordanelle,317380.74254167936,320000,99.18148204427479,0
2024-05-21,Utah_Lake,807120.798614252,850000,94.95538807226495,0
2024-05-22,Strawberry,1086743.5957513736,1100000,98.79487234103395,0
2024-05-22,Jordanelle,320000.0,320000,100.0,0
2024-05-22,Utah_Lake,813450.2612405721,850000,95.70003073418495,0
2024-05-23,Strawberry,1082392.1421088674,1100000,98.39928564626067,0
2024-05-23,Jordanelle,320000.0,320000,100.0,0
2024-05-23,Utah_Lake,804843.8929874339,850000,94.68751682205105,0
2024-05-24,Strawberry,1065289.8138950195,1100000,96.84452853591085,0
2024-05-24,Jordanelle,317775.7580649072,320000,99.3049243952835,0
2024-05-24,Utah_Lake,800871.7558846885,850000,94.22020657466923,0
2024-05-25,Strawberry,1073408.3176689555,1100000,97.58257433354142,0
2024-05-25,Jordanelle,317586.06740183156,320000,99.24564606307237,0
2024-05-25,Utah_Lake,793203.9935617015,850000,93.31811688961194,0
2024-05-26,Strawberry,1058557.2019699654,1100000,96.23247290636048,0
2024-05-26,Jordanelle,316346.4559976528,320000,98.85826749926649,0
2024-05-26,Utah_Lake,785701.1382616506,850000,92.43542803078242,0
2024-05-27,Strawberry,1066910.1444835803,1100000,96.99183131668912,0
2024-05-27,Jordanelle,307231.3506805415,320000,96.00979708766921,0
2024-05-27,Utah_Lake,787651.0038165648,850000,92.66482397841939,0
2024-05-28,Strawberry,1051439.9493861424,1100000,95.58544994419476,0
2024-05-28,Jordanelle,310461.4809844111,320000,97.01921280762846,0
2024-05-28,Utah_Lake,785805.8874610082,850000,92.44775146600097,0
2024-05-29,Strawberry,1048161.4058365911,1100000,95.2874005305992,0
2024-05-29,Jordanelle,306449.18264868844,320000,95.76536957771513,0
2024-05-29,Utah_Lake,773061.8816828611,850000,90.9484566685719,0
2024-05-30,Strawberry,1012532.1166895147,1100000,92.04837424450135,0
2024-05-30,Jordanelle,307784.28845157666,320000,96.18259014111771,0
2024-05-30,Utah_Lake,767696.2135907469,850000,90.3172015989114,0
2024-05-31,Strawberry,1026982.7495053674,1100000,93.36206813685159,0
2024-05-31,Jordanelle,301763.9491758912,320000,94.301234117466,0
2024-05-31,Utah_Lake,755896.3536854271,850000,88.92898278652083,0
2024-06-01,Strawberry,1023204.3863804308,1100000,93.01858058003916,0
2024-06-01,Jordanelle,295101.040439315,320000,92.21907513728594,0
2024-06-01,Utah_Lake,758691.2040768117,850000,89.25778871491902,0
2024-06-02,Strawberry,1012143.8203103195,1100000,92.0130745736654,0
2024-06-02,Jordanelle,304484.11905291106,320000,95.1512872040347,0
2024-06-02,Utah_Lake,757620.5331951849,850000,89.13182743472764,0
2024-06-03,Strawberry,1017734.0250806778,1100000,92.52127500733435,0
2024-06-03,Jordanelle,302408.6513147366,320000,94.50270353585518,0
2024-06-03,Utah_Lake,756024.3007039762,850000,88.94403537693837,0
2024-06-04,Strawberry,1022844.8093571175,1100000,92.98589175973795,0
2024-06-04,Jordanelle,296953.48060428194,320000,92.79796268883811,0
2024-06-04,Utah_Lake,755562.5389352863,850000,88.88971046297488,0
2024-06-05,Strawberry,1017096.3024238516,1100000,92.46330022035013,0
2024-06-05,Jordanelle,303532.6068917093,320000,94.85393965365915,0
2024-06-05,Utah_Lake,750997.0605245038,850000,88.35259535582398,0
2024-06-06,Strawberry,1020196.2001458267,1100000,92.74510910416606,0
2024-06-06,Jordanelle,299640.2696268811,320000,93.63758425840035,0
2024-06-06,Utah_Lake,759830.6455763697,850000,89.3918406560435,0
2024-06-07,Strawberry,1016330.2914419975,1100000,92.39366285836341,0
2024-06-07,Jordanelle,296719.93685978715,320000,92.72498026868348,0
2024-06-07,Utah_Lake,754600.1651879319,850000,88.77649002210963,0
2024-06-08,Strawberry,1010784.724676992,1100000,91.88952042518109,0
2024-06-08,Jordanelle,301442.2162007807,320000,94.20069256274397,0
2024-06-08,Utah_Lake,749807.6747201388,850000,88.21266761413398,0
2024-06-09,Strawberry,1008227.0792690642,1100000,91.65700720627856,0
2024-06-09,Jordanelle,302041.5895129718,320000,94.38799672280369,0
2024-06-09,Utah_Lake,748689.2502996123,850000,88.08108827054262,0
2024-06-10,Strawberry,1013898.2372526724,1100000,92.17256702297021,0
2024-06-10,Jordanelle,299271.0193249324,320000,93.52219353904138,0
2024-06-10,Utah_Lake,751592.8972152047,850000,88.42269379002407,0
2024-06-11,Strawberry,1016996.0902939274,1100000,92.45419002672067,0
2024-06-11,Jordanelle,302025.1032958361,320000,94.38284477994877,0
2024-06-11,Utah_Lake,752387.398478237,850000,88.5161645268514,0
2024-06-12,Strawberry,1017881.573363924,1100000,92.53468848762945,0
2024-06-12,Jordanelle,298785.81542477093,320000,93.37056732024092,0
2024-06-12,Utah_Lake,754377.2596932375,850000,88.75026584626323,0
2024-06-13,Strawberry,1020788.0552891629,1100000,92.79891411719663,0
2024-06-13,Jordanelle,308179.1712471758,320000,96.30599101474243,0
2024-06-13,Utah_Lake,746925.2722410139,850000,87.87356144011929,0
2024-06-14,Strawberry,1007483.6205806689,1100000,91.58942005278809,0
2024-06-14,Jordanelle,301869.9523072813,320000,94.33436009602542,0
2024-06-14,Utah_Lake,747531.7063411527,850000,87.9449066283709,0
2024-06-15,Strawberry,1019503.7091496121,1100000,92.68215537723746,0
2024-06-15,Jordanelle,300972.3135859643,320000,94.05384799561385,0
2024-06-15,Utah_Lake,745521.9166848456,850000,87.70846078645242,0
2024-06-16,Strawberry,1009954.5335047723,1100000,91.81404850043386,0
2024-06-16,Jordanelle,293176.27071671264,320000,91.6175845989727,0
2024-06-16,Utah_Lake,766450.789167169,850000,90.17068107849047,0
2024-06-17,Strawberry,1006451.7642177612,1100000,91.49561492888738,0
2024-06-17,Jordanelle,289594.9585034036,320000,90.49842453231362,0
2024-06-17,Utah_Lake,737010.548108036,850000,86.70712330682777,0
2024-06-18,Strawberry,1001278.9599036488,1100000,91.0253599912408,0
2024-06-18,Jordanelle,286816.6519388872,320000,89.63020373090225,0
2024-06-18,Utah_Lake,746882.2159104261,850000,87.86849598946189,0
2024-06-19,Strawberry,1007611.5855091508,1100000,91.60105322810462,0
2024-06-19,Jordanelle,304235.3042840281,320000,95.0735325887588,0
2024-06-19,Utah_Lake,752882.4643825407,850000,88.57440757441654,0
2024-06-20,Strawberry,1010292.4630065785,1100000,91.84476936423441,0
2024-06-20,Jordanelle,291776.55575920583,320000,91.18017367475181,0
2024-06-20,Utah_Lake,743134.6842246247,850000,87.42760990877937,0
2024-06-21,Strawberry,1003545.2887709811,1100000,91.23138988827101,0
2024-06-21,Jordanelle,290350.09911816183,320000,90.73440597442557,0
2024-06-21,Utah_Lake,749534.6286124104,850000,88.18054454263653,0
2024-06-22,Strawberry,996104.3182730419,1100000,90.55493802482198,0
2024-06-22,Jordanelle,289730.56857770425,320000,90.54080268053258,0
2024-06-22,Utah_Lake,743004.6848926867,850000,87.41231586972785,0
2024-06-23,Strawberry,990980.4381075123,1100000,90.08913073704657,0
2024-06-23,Jordanelle,303407.21415082965,320000,94.81475442213426,0
2024-06-23,Utah_Lake,745216.4588272285,850000,87.67252456790924,0
2024-06-24,Strawberry,1001261.5572210446,1100000,91.02377792918587,0
2024-06-24,Jordanelle,287257.7549671678,320000,89.76804842723993,0
2024-06-24,Utah_Lake,746697.936107964,850000,87.84681601270165,0
2024-06-25,Strawberry,1001415.0498374864,1100000,91.03773180340785,0
2024-06-25,Jordanelle,294914.98905110883,320000,92.16093407847151,0
2024-06-25,Utah_Lake,747366.6995563743,850000,87.9254940654558,0
2024-06-26,Strawberry,1005248.3053987366,1100000,91.38620958170333,0
2024-06-26,Jordanelle,290152.80348830845,320000,90.6727510900964,0
2024-06-26,Utah_Lake,736672.8190908327,850000,86.66739048127444,0
2024-06-27,Strawberry,1001520.9805960302,1100000,91.04736187236638,0
2024-06-27,Jordanelle,291652.4144720891,320000,91.14137952252784,0
2024-06-27,Utah_Lake,734909.3908706633,850000,86.4599283377251,0
2024-06-28,Strawberry,983123.903948469,1100000,89.37490035895172,0
2024-06-28,Jordanelle,287314.4840724847,320000,89.78577627265147,0
2024-06-28,Utah_Lake,739606.2370148475,850000,87.012498472335,0
2024-06-29,Strawberry,998155.4506832997,1100000,90.74140460757269,0
2024-06-29,Jordanelle,287846.0463753188,320000,89.95188949228712,0
2024-06-29,Utah_Lake,740016.4685278205,850000,87.060761003273,0
2024-06-30,Strawberry,991074.321791831,1100000,90.09766561743918,0
2024-06-30,Jordanelle,296613.6554567536,320000,92.6917673302355,0
2024-06-30,Utah_Lake,736807.3572640943,850000,86.68321850165816,0
2024-07-01,Strawberry,994604.833104806,1100000,90.418621191346,0
2024-07-01,Jordanelle,288967.3638864364,320000,90.30230121451137,0
2024-07-01,Utah_Lake,746345.6616678006,850000,87.80537196091773,0
2024-07-02,Strawberry,994530.3302525472,1100000,90.41184820477702,0
2024-07-02,Jordanelle,297185.41571920767,320000,92.8704424122524,0
2024-07-02,Utah_Lake,747968.635129259,850000,87.99631001520693,0
2024-07-03,Strawberry,993060.295980182,1100000,90.27820872547109,0
2024-07-03,Jordanelle,296206.6627680519,320000,92.56458211501621,0
2024-07-03,Utah_Lake,744928.010832065,850000,87.63858950965471,0
2024-07-04,Strawberry,991664.959479088,1100000,90.15135995264436,0
2024-07-04,Jordanelle,291186.04396061,320000,90.99563873769063,0
2024-07-04,Utah_Lake,734314.5786682445,850000,86.38995043155818,0
2024-07-05,Strawberry,995031.0538958567,1100000,90.45736853598697,0
2024-07-05,Jordanelle,294406.0593546031,320000,92.00189354831348,0
2024-07-05,Utah_Lake,742285.8069333591,850000,87.3277419921599,0
2024-07-06,Strawberry,979027.2778939502,1100000,89.00247980854094,0
2024-07-06,Jordanelle,295022.71834623447,320000,92.19459948319827,0
2024-07-06,Utah_Lake,747367.320264986,850000,87.92556708999835,0
2024-07-07,Strawberry,982059.209166307,1100000,89.27810992420973,0
2024-07-07,Jordanelle,293965.9245535831,320000,91.86435142299472,0
2024-07-07,Utah_Lake,739574.8495437738,850000,87.00880582867927,0
2024-07-08,Strawberry,981988.5308357341,1100000,89.27168462143037,0
2024-07-08,Jordanelle,293500.6425742836,320000,91.71895080446362,0
2024-07-08,Utah_Lake,732667.7127664677,850000,86.19620150193738,0
2024-07-09,Strawberry,985635.4633956129,1100000,89.60322394505572,0
2024-07-09,Jordanelle,302678.4521749987,320000,94.5870163046871,0
2024-07-09,Utah_Lake,737725.8775412291,850000,86.79127971073284,0
2024-07-10,Strawberry,992005.7820832719,1100000,90.18234382575199,0
2024-07-10,Jordanelle,291870.0668781489,320000,91.20939589942152,0
2024-07-10,Utah_Lake,736911.3790762133,850000,86.69545636190745,0
2024-07-11,Strawberry,990982.2479194803,1100000,90.0892952654073,0
2024-07-11,Jordanelle,288327.2246764865,320000,90.10225771140203,0
2024-07-11,Utah_Lake,727683.3199243026,850000,85.6098023440356,0
2024-07-12,Strawberry,983573.5209624822,1100000,89.41577463295293,0
2024-07-12,Jordanelle,292234.29545831174,320000,91.32321733072241,0
2024-07-12,Utah_Lake,734980.6317985149,850000,86.46830962335468,0
2024-07-13,Strawberry,989409.3296604021,1100000,89.9463026964002,0
2024-07-13,Jordanelle,294163.3791013461,320000,91.92605596917065,0
2024-07-13,Utah_Lake,725728.1818573574,850000,85.37978610086557,0
2024-07-14,Strawberry,984035.4514463174,1100000,89.45776831330157,0
2024-07-14,Jordanelle,290460.6116178555,320000,90.76894113057983,0
2024-07-14,Utah_Lake,739822.8011849658,850000,87.03797660999597,0
2024-07-15,Strawberry,987436.149536259,1100000,89.76692268511445,0
2024-07-15,Jordanelle,294228.84561401705,320000,91.94651425438033,0
2024-07-15,Utah_Lake,740181.6278891818,850000,87.08019151637434,0
2024-07-16,Strawberry,985272.6134621028,1100000,89.5702375874639,0
2024-07-16,Jordanelle,295164.8988329562,320000,92.23903088529882,0
2024-07-16,Utah_Lake,725354.8379861024,850000,85.33586329248264,0
2024-07-17,Strawberry,987711.3766170552,1100000,89.7919433288232,0
2024-07-17,Jordanelle,282456.39242553216,320000,88.2676226329788,0
2024-07-17,Utah_Lake,737181.9056492024,850000,86.72728301755322,0
2024-07-18,Strawberry,985558.1475440091,1100000,89.59619523127355,0
2024-07-18,Jordanelle,291806.66462520533,320000,91.18958269537667,0
2024-07-18,Utah_Lake,730484.7158177155,850000,85.93937833149594,0
2024-07-19,Strawberry,977819.487544688,1100000,88.89268068588073,0
2024-07-19,Jordanelle,284673.7953238009,320000,88.96056103868777,0
2024-07-19,Utah_Lake,723045.7034782007,850000,85.06420040920008,0
2024-07-20,Strawberry,979690.3782267943,1100000,89.06276165698131,0
2024-07-20,Jordanelle,277156.4965571921,320000,86.61140517412254,0
2024-07-20,Utah_Lake,732009.6595200356,850000,86.11878347294537,0
2024-07-21,Strawberry,980315.2531419575,1100000,89.11956846745068,0
2024-07-21,Jordanelle,287048.2596987033,320000,89.70258115584478,0
2024-07-21,Utah_Lake,741062.3197111521,850000,87.18380231895907,0
2024-07-22,Strawberry,987248.945091936,1100000,89.74990409926691,0
2024-07-22,Jordanelle,295130.3564308354,320000,92.22823638463605,0
2024-07-22,Utah_Lake,721893.7952853922,850000,84.92868179828143,0
2024-07-23,Strawberry,973552.8795541318,1100000,88.5048072321938,0
2024-07-23,Jordanelle,280975.0885559572,320000,87.80471517373662,0
2024-07-23,Utah_Lake,724488.0805670395,850000,85.23389183141641,0
2024-07-24,Strawberry,969653.6319314037,1100000,88.15033017558214,0
2024-07-24,Jordanelle,290139.4407747758,320000,90.66857524211744,0
2024-07-24,Utah_Lake,728236.1321511047,850000,85.67483907660056,0
2024-07-25,Strawberry,979817.2810811485,1100000,89.07429828010441,0
2024-07-25,Jordanelle,291156.1861928009,320000,90.98630818525028,0
2024-07-25,Utah_Lake,726554.5279929984,850000,85.47700329329393,0
2024-07-26,Strawberry,969459.25440982,1100000,88.13265949180182,0
2024-07-26,Jordanelle,287300.6961391723,320000,89.78146754349135,0
2024-07-26,Utah_Lake,724188.746858824,850000,85.19867610103812,0
2024-07-27,Strawberry,978992.346495948,1100000,88.99930422690436,0
2024-07-27,Jordanelle,283821.9848737182,320000,88.69437027303692,0
2024-07-27,Utah_Lake,721563.1145059521,850000,84.88977817717084,0
2024-07-28,Strawberry,971974.7578620794,1100000,88.36134162382541,0
2024-07-28,Jordanelle,287181.89717051253,320000,89.74434286578517,0
2024-07-28,Utah_Lake,711013.5287539605,850000,83.64865044164242,0
2024-07-29,Strawberry,970640.52136932,1100000,88.2400473972109,0
2024-07-29,Jordanelle,289823.7967187279,320000,90.56993647460247,0
2024-07-29,Utah_Lake,715380.1094757485,850000,84.1623658206763,0
2024-07-30,Strawberry,965886.2907302988,1100000,87.80784461184535,0
2024-07-30,Jordanelle,281397.87813700683,320000,87.93683691781463,0
2024-07-30,Utah_Lake,723205.1445757766,850000,85.0829581853855,0
2024-07-31,Strawberry,959879.598112872,1100000,87.26178164662473,0
2024-07-31,Jordanelle,290633.5675572311,320000,90.82298986163472,0
2024-07-31,Utah_Lake,716892.2546859067,850000,84.3402652571655,0
2024-08-01,Strawberry,966050.149834525,1100000,87.82274089404773,0
2024-08-01,Jordanelle,281316.1345174991,320000,87.91129203671846,0
2024-08-01,Utah_Lake,718712.8915885412,850000,84.55445783394603,0
2024-08-02,Strawberry,972880.5230041256,1100000,88.44368390946596,0
2024-08-02,Jordanelle,283135.5620587079,320000,88.47986314334622,0
2024-08-02,Utah_Lake,716174.8103479166,850000,84.25586004093137,0
2024-08-03,Strawberry,965042.6347779523,1100000,87.73114861617749,0
2024-08-03,Jordanelle,274927.9307764048,320000,85.9149783676265,0
2024-08-03,Utah_Lake,727359.4224706966,850000,85.57169676125844,0
2024-08-04,Strawberry,962163.7242211207,1100000,87.46942947464734,0
2024-08-04,Jordanelle,289713.4736115497,320000,90.53546050360929,0
2024-08-04,Utah_Lake,716407.4136933953,850000,84.28322514039945,0
2024-08-05,Strawberry,962246.7260051,1100000,87.47697509137272,0
2024-08-05,Jordanelle,287692.5971717082,320000,89.9039366161588,0
2024-08-05,Utah_Lake,722773.4227160877,850000,85.03216737836325,0
2024-08-06,Strawberry,969339.6402396084,1100000,88.12178547632803,0
2024-08-06,Jordanelle,286275.4184314007,320000,89.46106825981272,0
2024-08-06,Utah_Lake,712697.0205028843,850000,83.84670829445697,0
2024-08-07,Strawberry,962112.1239863331,1100000,87.46473854421211,0
2024-08-07,Jordanelle,285391.54765197885,320000,89.1848586412434,0
2024-08-07,Utah_Lake,715966.9975346959,850000,84.2314114746701,0
2024-08-08,Strawberry,950882.3070212589,1100000,86.44384609284171,0
2024-08-08,Jordanelle,277519.44732098473,320000,86.72482728780773,0
2024-08-08,Utah_Lake,719238.644442627,850000,84.61631111089729,0
2024-08-09,Strawberry,968497.1949696302,1100000,88.04519954269365,0
2024-08-09,Jordanelle,283628.45427193306,320000,88.63389195997908,0
2024-08-09,Utah_Lake,715548.157587175,850000,84.18213618672648,0
2024-08-10,Strawberry,964326.9890504562,1100000,87.66608991367784,0
2024-08-10,Jordanelle,278750.8241077051,320000,87.10963253365784,0
2024-08-10,Utah_Lake,716734.8547103386,850000,84.32174761298101,0
2024-08-11,Strawberry,963842.8196980035,1100000,87.62207451800032,0
2024-08-11,Jordanelle,284216.85474984103,320000,88.81776710932532,0
2024-08-11,Utah_Lake,711191.2257551879,850000,83.66955597119858,0
2024-08-12,Strawberry,971885.3270321615,1100000,88.35321154837831,0
2024-08-12,Jordanelle,291375.288915767,320000,91.05477778617718,0
2024-08-12,Utah_Lake,712050.0132001304,850000,83.77058978825063,0
2024-08-13,Strawberry,957974.4533745234,1100000,87.08858667041122,0
2024-08-13,Jordanelle,275850.5743173048,320000,86.20330447415776,0
2024-08-13,Utah_Lake,715665.4588346983,850000,84.19593633349392,0
2024-08-14,Strawberry,953879.1683003647,1100000,86.7162880273059,0
2024-08-14,Jordanelle,291385.055606484,320000,91.05782987702625,0
2024-08-14,Utah_Lake,706529.81757155,850000,83.12115500841765,0
2024-08-15,Strawberry,956388.5992340011,1100000,86.94441811218192,0
2024-08-15,Jordanelle,289203.29855111014,320000,90.37603079722192,0
2024-08-15,Utah_Lake,712366.9907348949,850000,83.8078812629288,0
2024-08-16,Strawberry,957684.4831012237,1100000,87.06222573647489,0
2024-08-16,Jordanelle,275035.1301881044,320000,85.94847818378263,0
2024-08-16,Utah_Lake,704315.5801123953,850000,82.86065648381121,0
2024-08-17,Strawberry,955881.7730626465,1100000,86.89834300569514,0
2024-08-17,Jordanelle,282169.5152771128,320000,88.17797352409774,0
2024-08-17,Utah_Lake,710247.2211450344,850000,83.55849660529817,0
2024-08-18,Strawberry,937518.7718156682,1100000,85.22897925596983,0
2024-08-18,Jordanelle,274674.2186949606,320000,85.83569334217518,0
2024-08-18,Utah_Lake,709423.3967180401,850000,83.46157608447531,0
2024-08-19,Strawberry,954293.2181714504,1100000,86.75392892467731,0
2024-08-19,Jordanelle,289435.98724634637,320000,90.44874601448323,0
2024-08-19,Utah_Lake,715462.334791096,850000,84.17203938718777,0
2024-08-20,Strawberry,955032.173184965,1100000,86.82110665317863,0
2024-08-20,Jordanelle,275415.5636735688,320000,86.06736364799025,0
2024-08-20,Utah_Lake,705181.8238857046,850000,82.96256751596525,0
2024-08-21,Strawberry,954541.5290058511,1100000,86.77650263689556,0
2024-08-21,Jordanelle,280812.41166282166,320000,87.75387864463177,0
2024-08-21,Utah_Lake,708905.6795944434,850000,83.40066818758157,0
2024-08-22,Strawberry,950222.9902690952,1100000,86.38390820628138,0
2024-08-22,Jordanelle,282503.3754287219,320000,88.28230482147559,0
2024-08-22,Utah_Lake,710496.480464687,850000,83.58782123113964,0
2024-08-23,Strawberry,957486.9538256851,1100000,87.04426852960773,0
2024-08-23,Jordanelle,280603.21863767266,320000,87.68850582427271,0
2024-08-23,Utah_Lake,707122.0488964461,850000,83.19082928193484,0
2024-08-24,Strawberry,949981.2542911953,1100000,86.36193220829048,0
2024-08-24,Jordanelle,286489.0486807698,320000,89.52782771274056,0
2024-08-24,Utah_Lake,706825.2226706368,850000,83.1559085494867,0
2024-08-25,Strawberry,963184.7477340387,1100000,87.56224979400352,0
2024-08-25,Jordanelle,276683.77666991256,320000,86.46368020934767,0
2024-08-25,Utah_Lake,707620.4788867729,850000,83.24946810432621,0
2024-08-26,Strawberry,953826.1412404074,1100000,86.71146738549157,0
2024-08-26,Jordanelle,287013.4184624729,320000,89.69169326952279,0
2024-08-26,Utah_Lake,702949.5005395206,850000,82.69994123994361,0
2024-08-27,Strawberry,952558.7233302387,1100000,86.59624757547626,0
2024-08-27,Jordanelle,288151.94860331813,320000,90.04748393853691,0
2024-08-27,Utah_Lake,711947.9047598174,850000,83.75857703056676,0
2024-08-28,Strawberry,945813.6117949415,1100000,85.98305561772194,0
2024-08-28,Jordanelle,273819.42717193224,320000,85.56857099122882,0
2024-08-28,Utah_Lake,710028.8064819877,850000,83.53280076258679,0
2024-08-29,Strawberry,962527.715996454,1100000,87.50251963604127,0
2024-08-29,Jordanelle,280285.96603942325,320000,87.58936438731976,0
2024-08-29,Utah_Lake,713185.6421622038,850000,83.90419319555339,0
2024-08-30,Strawberry,949185.6638637632,1100000,86.28960580579665,0
2024-08-30,Jordanelle,287640.80888884945,320000,89.88775277776546,0
2024-08-30,Utah_Lake,705010.6919609414,850000,82.94243434834605,0
2024-08-31,Strawberry,952313.8311326348,1100000,86.57398464842134,0
2024-08-31,Jordanelle,284269.98708742217,320000,88.83437096481943,0
2024-08-31,Utah_Lake,699532.8934029123,850000,82.29798745916615,0
2024-09-01,Strawberry,952395.2103231595,1100000,86.58138275665085,0
2024-09-01,Jordanelle,282459.7010703933,320000,88.26865658449792,0
2024-09-01,Utah_Lake,709987.1095867539,850000,83.52789524550046,0
2024-09-02,Strawberry,953055.5794262311,1100000,86.64141631147555,0
2024-09-02,Jordanelle,280775.82303307496,320000,87.74244469783594,0
2024-09-02,Utah_Lake,710475.5475729294,850000,83.5853585379917,0
2024-09-03,Strawberry,944841.3921653852,1100000,85.89467201503501,0
2024-09-03,Jordanelle,282527.7407401446,320000,88.28991898129519,0
2024-09-03,Utah_Lake,714398.8763051234,850000,84.04692662413217,0
2024-09-04,Strawberry,945158.9833516597,1100000,85.92354394105998,0
2024-09-04,Jordanelle,278502.6000840277,320000,87.03206252625864,0
2024-09-04,Utah_Lake,703633.3889081274,850000,82.78039869507381,0
2024-09-05,Strawberry,938678.1903587864,1100000,85.33438094170785,0
2024-09-05,Jordanelle,279747.23124203284,320000,87.42100976313526,0
2024-09-05,Utah_Lake,701750.1754874057,850000,82.5588441749889,0
2024-09-06,Strawberry,957342.7508605955,1100000,87.03115916914504,0
2024-09-06,Jordanelle,278897.6882635026,320000,87.15552758234458,0
2024-09-06,Utah_Lake,699696.2356595941,850000,82.31720419524636,0
2024-09-07,Strawberry,946340.0527899201,1100000,86.03091388999275,0
2024-09-07,Jordanelle,272471.57043276145,320000,85.14736576023796,0
2024-09-07,Utah_Lake,702209.4199791087,850000,82.61287293871867,0
2024-09-08,Strawberry,950715.7201158669,1100000,86.42870182871518,0
2024-09-08,Jordanelle,277435.83957199677,320000,86.69869986624899,0
2024-09-08,Utah_Lake,704402.636741501,850000,82.8708984401766,0
2024-09-09,Strawberry,946783.9105443973,1100000,86.0712645949452,0
2024-09-09,Jordanelle,276242.6456783219,320000,86.32582677447559,0
2024-09-09,Utah_Lake,704437.2666939247,850000,82.87497255222644,0
2024-09-10,Strawberry,944117.258693462,1100000,85.82884169940563,0
2024-09-10,Jordanelle,281941.73265846184,320000,88.10679145576933,0
2024-09-10,Utah_Lake,711370.8312902706,850000,83.69068603414948,0
2024-09-11,Strawberry,942131.3736972666,1100000,85.64830669975152,0
2024-09-11,Jordanelle,278914.2858523363,320000,87.16071432885511,0
2024-09-11,Utah_Lake,707960.2808831659,850000,83.28944480978421,0
2024-09-12,Strawberry,947900.7871633596,1100000,86.17279883303269,0
2024-09-12,Jordanelle,277430.4447056516,320000,86.69701397051612,0
2024-09-12,Utah_Lake,703770.2336159231,850000,82.79649807246155,0
2024-09-13,Strawberry,946436.4307815045,1100000,86.03967552559132,0
2024-09-13,Jordanelle,280335.6337905208,320000,87.60488555953773,0
2024-09-13,Utah_Lake,701424.7904509745,850000,82.52056358246759,0
2024-09-14,Strawberry,944180.3521602704,1100000,85.83457746911549,0
2024-09-14,Jordanelle,272284.97228794836,320000,85.08905383998386,0
2024-09-14,Utah_Lake,699059.3014393852,850000,82.24227075757472,0
2024-09-15,Strawberry,940954.7915946514,1100000,85.54134469042286,0
2024-09-15,Jordanelle,284506.16470822913,320000,88.9081764713216,0
2024-09-15,Utah_Lake,703577.8399374805,850000,82.77386352205653,0
2024-09-16,Strawberry,951075.0230717083,1100000,86.46136573379167,0
2024-09-16,Jordanelle,273009.3533022289,320000,85.31542290694654,0
2024-09-16,Utah_Lake,699409.6347114656,850000,82.283486436643,0
2024-09-17,Strawberry,947145.2800290682,1100000,86.10411636627893,0
2024-09-17,Jordanelle,281895.9606376439,320000,88.09248769926371,0
2024-09-17,Utah_Lake,701243.2379962314,850000,82.49920447014487,0
2024-09-18,Strawberry,937778.1597321703,1100000,85.25255997565185,0
2024-09-18,Jordanelle,283974.4416147802,320000,88.74201300461883,0
2024-09-18,Utah_Lake,696400.6646101531,850000,81.92948995413566,0
2024-09-19,Strawberry,943061.128120368,1100000,85.73282982912437,0
2024-09-19,Jordanelle,275405.6138436517,320000,86.06425432614117,0
2024-09-19,Utah_Lake,686986.5542926555,850000,80.82194756384183,0
2024-09-20,Strawberry,942751.5386656127,1100000,85.70468533323752,0
2024-09-20,Jordanelle,279102.7402514311,320000,87.21960632857223,0
2024-09-20,Utah_Lake,703516.2106986248,850000,82.76661302336763,0
2024-09-21,Strawberry,948795.2713461738,1100000,86.25411557692489,0
2024-09-21,Jordanelle,283102.13038582035,320000,88.46941574556885,0
2024-09-21,Utah_Lake,708477.8812761366,850000,83.35033897366313,0
2024-09-22,Strawberry,945745.3404348388,1100000,85.97684913043989,0
2024-09-22,Jordanelle,275202.875806228,320000,86.00089868944626,0
2024-09-22,Utah_Lake,694451.5353220712,850000,81.70018062612601,0
2024-09-23,Strawberry,939098.6440984154,1100000,85.37260400894685,0
2024-09-23,Jordanelle,277282.8367792634,320000,86.6508864935198,0
2024-09-23,Utah_Lake,716611.3161186954,850000,84.307213661023,0
2024-09-24,Strawberry,950450.3804010067,1100000,86.40458003645514,0
2024-09-24,Jordanelle,283784.8104240937,320000,88.68275325752928,0
2024-09-24,Utah_Lake,705634.765954642,850000,83.01585481819316,0
2024-09-25,Strawberry,940928.5576033582,1100000,85.53895978212347,0
2024-09-25,Jordanelle,284547.6301174407,320000,88.92113441170022,0
2024-09-25,Utah_Lake,707454.8958519591,850000,83.22998774728931,0
2024-09-26,Strawberry,943505.1571835285,1100000,85.7731961075935,0
2024-09-26,Jordanelle,275470.388980032,320000,86.08449655626,0
2024-09-26,Utah_Lake,711035.3989577099,850000,83.6512234067894,0
2024-09-27,Strawberry,946836.445977152,1100000,86.07604054337745,0
2024-09-27,Jordanelle,281514.8272627565,320000,87.97338351961139,0
2024-09-27,Utah_Lake,704765.9476902388,850000,82.91364090473398,0
2024-09-28,Strawberry,944411.1421474093,1100000,85.85555837703721,0
2024-09-28,Jordanelle,283737.9868265406,320000,88.66812088329394,0
2024-09-28,Utah_Lake,703505.4215409121,850000,82.76534371069555,0
2024-09-29,Strawberry,941714.1423312227,1100000,85.6103765755657,0
2024-09-29,Jordanelle,289675.119008472,320000,90.52347469014751,0
2024-09-29,Utah_Lake,703497.7520432974,850000,82.76444141685852,0
2024-09-30,Strawberry,949419.4180427332,1100000,86.31085618570302,0
2024-09-30,Jordanelle,276498.43127730594,320000,86.40575977415811,0
2024-09-30,Utah_Lake,704569.3338368603,850000,82.89050986316003,0
2024-10-01,Strawberry,938016.1343173548,1100000,85.27419402885043,0
2024-10-01,Jordanelle,277055.3165207021,320000,86.5797864127194,0
2024-10-01,Utah_Lake,711117.667001561,850000,83.66090200018364,0
2024-10-02,Strawberry,951452.3301194147,1100000,86.49566637449226,0
2024-10-02,Jordanelle,283419.93999090267,320000,88.56873124715709,0
2024-10-02,Utah_Lake,691593.2972139234,850000,81.36391731928511,0
2024-10-03,Strawberry,948175.4295011929,1100000,86.19776631829026,0
2024-10-03,Jordanelle,276427.19264110766,320000,86.38349770034614,0
2024-10-03,Utah_Lake,703606.3157426368,850000,82.7772136167808,0
2024-10-04,Strawberry,950626.1326321971,1100000,86.42055751201792,0
2024-10-04,Jordanelle,275957.74556062627,320000,86.2367954876957,0
2024-10-04,Utah_Lake,705819.8112484813,850000,83.0376248527625,0
2024-10-05,Strawberry,947621.4169680745,1100000,86.14740154255223,0
2024-10-05,Jordanelle,269767.13667559583,320000,84.3022302111237,0
2024-10-05,Utah_Lake,702721.2786196442,850000,82.67309160231109,0
2024-10-06,Strawberry,949965.5435218936,1100000,86.36050395653578,0
2024-10-06,Jordanelle,270912.99428694934,320000,84.66031071467167,0
2024-10-06,Utah_Lake,701357.7743614154,850000,82.5126793366371,0
2024-10-07,Strawberry,947939.3352516507,1100000,86.17630320469551,0
2024-10-07,Jordanelle,278032.0777478874,320000,86.88502429621482,0
2024-10-07,Utah_Lake,702812.8807638244,850000,82.68386832515581,0
2024-10-08,Strawberry,945726.576157646,1100000,85.97514328705873,0
2024-10-08,Jordanelle,277728.99178363656,320000,86.79030993238642,0
2024-10-08,Utah_Lake,693373.8043097373,850000,81.57338874232202,0
2024-10-09,Strawberry,938588.3939588899,1100000,85.32621763262635,0
2024-10-09,Jordanelle,279318.86329571914,320000,87.28714477991223,0
2024-10-09,Utah_Lake,696584.7698917232,850000,81.95114939902626,0
2024-10-10,Strawberry,943573.3752604439,1100000,85.77939775094944,0
2024-10-10,Jordanelle,281845.7702036029,320000,88.0768031886259,0
2024-10-10,Utah_Lake,702455.848632553,850000,82.64186454500624,0
2024-10-11,Strawberry,947062.7711101741,1100000,86.09661555547038,0
2024-10-11,Jordanelle,276369.9351415183,320000,86.36560473172446,0
2024-10-11,Utah_Lake,695603.9915851692,850000,81.83576371590226,0
2024-10-12,Strawberry,942304.6549472752,1100000,85.66405954066137,0
2024-10-12,Jordanelle,277150.46039269073,320000,86.60951887271585,0
2024-10-12,Utah_Lake,711781.1174570809,850000,83.73895499495069,0
2024-10-13,Strawberry,950021.3259667819,1100000,86.36557508788927,0
2024-10-13,Jordanelle,280267.4350408296,320000,87.58357345025925,0
2024-10-13,Utah_Lake,711090.5233654854,850000,83.65770863123358,0
2024-10-14,Strawberry,936979.4109347337,1100000,85.17994644861216,0
2024-10-14,Jordanelle,285527.902200715,320000,89.22746943772343,0
2024-10-14,Utah_Lake,701129.3549048455,850000,82.48580645939359,0
2024-10-15,Strawberry,956088.5966474251,1100000,86.91714514976591,0
2024-10-15,Jordanelle,282782.4880127168,320000,88.369527503974,0
2024-10-15,Utah_Lake,714347.3303801223,850000,84.04086239766144,0
2024-10-16,Strawberry,949339.9850895312,1100000,86.3036350081392,0
2024-10-16,Jordanelle,277434.8792541385,320000,86.69839976691829,0
2024-10-16,Utah_Lake,699759.6605706085,850000,82.32466594948335,0
2024-10-17,Strawberry,948687.3466436305,1100000,86.24430424033005,0
2024-10-17,Jordanelle,274103.7368302397,320000,85.6574177594499,0
2024-10-17,Utah_Lake,709708.917064424,850000,83.49516671346166,0
2024-10-18,Strawberry,940158.5326458423,1100000,85.46895751325839,0
2024-10-18,Jordanelle,275284.66483912285,320000,86.02645776222589,0
2024-10-18,Utah_Lake,708503.338249673,850000,83.35333391172624,0
2024-10-19,Strawberry,951170.0003166668,1100000,86.47000002878788,0
2024-10-19,Jordanelle,285205.69622186717,320000,89.12678006933349,0
2024-10-19,Utah_Lake,702904.3257531693,850000,82.69462655919638,0
2024-10-20,Strawberry,951766.0772073523,1100000,86.52418883703203,0
2024-10-20,Jordanelle,273041.8017740512,320000,85.32556305439101,0
2024-10-20,Utah_Lake,706072.9790217553,850000,83.0674092966771,0
2024-10-21,Strawberry,944481.3577608459,1100000,85.86194161462237,0
2024-10-21,Jordanelle,288882.4496907167,320000,90.27576552834896,0
2024-10-21,Utah_Lake,703990.940137594,850000,82.82246354559929,0
2024-10-22,Strawberry,950633.0607415255,1100000,86.42118734013869,0
2024-10-22,Jordanelle,280408.38114990684,320000,87.62761910934589,0
2024-10-22,Utah_Lake,703663.8480775274,850000,82.78398212676792,0
2024-10-23,Strawberry,954703.6016365704,1100000,86.7912365124155,0
2024-10-23,Jordanelle,285015.96015740174,320000,89.06748754918804,0
2024-10-23,Utah_Lake,702399.025850119,850000,82.6351795117787,0
2024-10-24,Strawberry,949176.099961553,1100000,86.28873636014119,0
2024-10-24,Jordanelle,274392.12790010526,320000,85.74753996878289,0
2024-10-24,Utah_Lake,710608.1748185487,850000,83.60096174335867,0
2024-10-25,Strawberry,946454.88848685,1100000,86.04135349880454,0
2024-10-25,Jordanelle,274383.56411378866,320000,85.74486378555896,0
2024-10-25,Utah_Lake,699362.6564193837,850000,82.27795957875102,0
2024-10-26,Strawberry,954282.2262975003,1100000,86.75292966340912,0
2024-10-26,Jordanelle,279719.5087205318,320000,87.41234647516619,0
2024-10-26,Utah_Lake,706584.373158619,850000,83.12757331277871,0
2024-10-27,Strawberry,953432.6014282278,1100000,86.6756910389298,0
2024-10-27,Jordanelle,281661.3344916519,320000,88.01916702864122,0
2024-10-27,Utah_Lake,704346.3388126858,850000,82.86427515443361,0
2024-10-28,Strawberry,958735.7293397838,1100000,87.15779357634398,0
2024-10-28,Jordanelle,283078.75953540904,320000,88.46211235481533,0
2024-10-28,Utah_Lake,698861.1890430391,850000,82.21896341682813,0
2024-10-29,Strawberry,954550.6918997123,1100000,86.77733562724657,0
2024-10-29,Jordanelle,285872.65795257926,320000,89.33520561018102,0
2024-10-29,Utah_Lake,714761.6466543832,850000,84.08960548875096,0
2024-10-30,Strawberry,944581.4105222361,1100000,85.87103732020329,0
2024-10-30,Jordanelle,281776.3896332476,320000,88.05512176038988,0
2024-10-30,Utah_Lake,706602.7340470629,850000,83.12973341730152,0
2024-10-31,Strawberry,953297.4278536176,1100000,86.66340253214705,0
2024-10-31,Jordanelle,278312.0599164627,320000,86.97251872389458,0
2024-10-31,Utah_Lake,702056.2955108421,850000,82.5948582953932,0
2024-11-01,Strawberry,956201.4515137756,1100000,86.9274046830705,0
2024-11-01,Jordanelle,285601.6572251675,320000,89.25051788286484,0
2024-11-01,Utah_Lake,714641.1873766189,850000,84.07543380901397,0
2024-11-02,Strawberry,952507.7177926115,1100000,86.59161070841922,0
2024-11-02,Jordanelle,286017.95867607795,320000,89.38061208627435,0
2024-11-02,Utah_Lake,715454.984947697,850000,84.17117469972905,0
2024-11-03,Strawberry,957863.1284244143,1100000,87.0784662204013,0
2024-11-03,Jordanelle,288007.26260877936,320000,90.00226956524355,0
2024-11-03,Utah_Lake,711568.5039644272,850000,83.71394164287378,0
2024-11-04,Strawberry,956966.8673041149,1100000,86.99698793673771,0
2024-11-04,Jordanelle,277999.4809864212,320000,86.87483780825661,0
2024-11-04,Utah_Lake,713575.5159400072,850000,83.95006069882437,0
2024-11-05,Strawberry,956867.5177139026,1100000,86.98795615580933,0
2024-11-05,Jordanelle,279951.1528867773,320000,87.4847352771179,0
2024-11-05,Utah_Lake,720899.1583241936,850000,84.81166568519924,0
2024-11-06,Strawberry,956379.2638435491,1100000,86.94356944032265,0
2024-11-06,Jordanelle,283442.3993338438,320000,88.57574979182618,0
2024-11-06,Utah_Lake,710824.6029942393,850000,83.62642388167522,0
2024-11-07,Strawberry,961465.8157829086,1100000,87.40598325299169,0
2024-11-07,Jordanelle,281206.45218456734,320000,87.8770163076773,0
2024-11-07,Utah_Lake,705997.3145374509,850000,83.05850759264129,0
2024-11-08,Strawberry,964076.2071497098,1100000,87.64329155906452,0
2024-11-08,Jordanelle,286562.84278675134,320000,89.5508883708598,0
2024-11-08,Utah_Lake,710360.6929854845,850000,83.57184623358641,0
2024-11-09,Strawberry,964833.1550944886,1100000,87.71210500858987,0
2024-11-09,Jordanelle,279722.67400181317,320000,87.41333562556662,0
2024-11-09,Utah_Lake,715240.5566449038,850000,84.14594784057692,0
2024-11-10,Strawberry,963078.4676397844,1100000,87.55258796725313,0
2024-11-10,Jordanelle,276439.57618145057,320000,86.3873675567033,0
2024-11-10,Utah_Lake,713425.2853340785,850000,83.93238650989159,0
2024-11-11,Strawberry,960628.813062447,1100000,87.3298920965861,0
2024-11-11,Jordanelle,283655.70519089047,320000,88.64240787215327,0
2024-11-11,Utah_Lake,709010.9726408281,850000,83.4130556048033,0
2024-11-12,Strawberry,964863.3267415926,1100000,87.71484788559933,0
2024-11-12,Jordanelle,274539.47365965793,320000,85.7935855186431,0
2024-11-12,Utah_Lake,710509.1205905875,850000,83.589308304775,0
2024-11-13,Strawberry,954969.3341467909,1100000,86.81539401334463,0
2024-11-13,Jordanelle,288565.683179816,320000,90.1767759936925,0
2024-11-13,Utah_Lake,718052.3627597986,850000,84.47674855997631,0
2024-11-14,Strawberry,962119.6929750232,1100000,87.465426634093,0
2024-11-14,Jordanelle,284994.9947922373,320000,89.06093587257415,0
2024-11-14,Utah_Lake,719574.2978293664,850000,84.65579974463134,0
2024-11-15,Strawberry,966447.6421861557,1100000,87.85887656237779,0
2024-11-15,Jordanelle,280393.4427731293,320000,87.6229508666029,0
2024-11-15,Utah_Lake,722313.5572568693,850000,84.97806555963167,0
2024-11-16,Strawberry,958792.6465390146,1100000,87.16296786718316,0
2024-11-16,Jordanelle,282602.1411073139,320000,88.31316909603561,0
2024-11-16,Utah_Lake,713901.5177865452,850000,83.98841385724062,0
2024-11-17,Strawberry,965421.835980194,1100000,87.76562145274491,0
2024-11-17,Jordanelle,282788.90126163716,320000,88.37153164426161,0
2024-11-17,Utah_Lake,719496.7625898282,850000,84.6466779517445,0
2024-11-18,Strawberry,970620.6589875716,1100000,88.23824172614287,0
2024-11-18,Jordanelle,283040.48748263076,320000,88.45015233832211,0
2024-11-18,Utah_Lake,716693.8054569032,850000,84.31691828904744,0
2024-11-19,Strawberry,971028.8637911155,1100000,88.27535125373777,0
2024-11-19,Jordanelle,272815.9131843906,320000,85.25497287012206,0
2024-11-19,Utah_Lake,714671.9927334376,850000,84.07905796863972,0
2024-11-20,Strawberry,953660.0912789656,1100000,86.69637193445142,0
2024-11-20,Jordanelle,291010.3402707379,320000,90.94073133460559,0
2024-11-20,Utah_Lake,723725.5609426979,850000,85.14418364031741,0
2024-11-21,Strawberry,959130.331169547,1100000,87.19366646995881,0
2024-11-21,Jordanelle,285291.2388879431,320000,89.15351215248222,0
2024-11-21,Utah_Lake,721349.0064350158,850000,84.86458899235481,0
2024-11-22,Strawberry,966067.5907695248,1100000,87.82432643359316,0
2024-11-22,Jordanelle,282207.375675841,320000,88.1898048987003,0
2024-11-22,Utah_Lake,718545.7205712597,850000,84.53479065544232,0
2024-11-23,Strawberry,966350.607217027,1100000,87.8500552015479,0
2024-11-23,Jordanelle,288004.56590509485,320000,90.00142684534214,0
2024-11-23,Utah_Lake,724721.5216597572,850000,85.2613554893832,0
2024-11-24,Strawberry,975831.9885906064,1100000,88.7119989627824,0
2024-11-24,Jordanelle,286396.86365894426,320000,89.49901989342008,0
2024-11-24,Utah_Lake,711099.1167717847,850000,83.65871962020996,0
2024-11-25,Strawberry,975104.7891400054,1100000,88.64588992181866,0
2024-11-25,Jordanelle,285239.7119496511,320000,89.13740998426596,0
2024-11-25,Utah_Lake,728633.1439067888,850000,85.72154634197516,0
2024-11-26,Strawberry,968660.7350795614,1100000,88.06006682541468,0
2024-11-26,Jordanelle,282080.2957058236,320000,88.15009240806987,0
2024-11-26,Utah_Lake,722726.5958022445,850000,85.02665832967583,0
2024-11-27,Strawberry,972650.4305954875,1100000,88.4227664177716,0
2024-11-27,Jordanelle,283703.5674692648,320000,88.65736483414524,0
2024-11-27,Utah_Lake,723270.0530266083,850000,85.09059447371862,0
2024-11-28,Strawberry,971325.5362913143,1100000,88.30232148102857,0
2024-11-28,Jordanelle,295224.524843218,320000,92.25766401350562,0
2024-11-28,Utah_Lake,722418.7727440363,850000,84.99044385223957,0
2024-11-29,Strawberry,980976.5417079872,1100000,89.17968560981701,0
2024-11-29,Jordanelle,295687.8218788462,320000,92.40244433713944,0
2024-11-29,Utah_Lake,735100.0891683917,850000,86.4823634315755,0
2024-11-30,Strawberry,979142.3055482745,1100000,89.01293686802497,0
2024-11-30,Jordanelle,283338.2295717711,320000,88.54319674117848,0
2024-11-30,Utah_Lake,733561.7289214856,850000,86.30137987311596,0
2024-12-01,Strawberry,981322.2157123284,1100000,89.21111051930258,0
2024-12-01,Jordanelle,288536.8673036163,320000,90.1677710323801,0
2024-12-01,Utah_Lake,727455.3049879296,850000,85.58297705740348,0
2024-12-02,Strawberry,979529.6860558719,1100000,89.04815327780653,0
2024-12-02,Jordanelle,285813.9013620402,320000,89.31684417563757,0
2024-12-02,Utah_Lake,718764.6990009344,850000,84.56055282363934,0
2024-12-03,Strawberry,983172.0375684679,1100000,89.379276142588,0
2024-12-03,Jordanelle,285870.16432015406,320000,89.33442635004815,0
2024-12-03,Utah_Lake,727094.3115023713,850000,85.54050723557309,0
2024-12-04,Strawberry,984007.4457640742,1100000,89.45522234218856,0
2024-12-04,Jordanelle,293727.31282416586,320000,91.78978525755183,0
2024-12-04,Utah_Lake,718647.1448492338,850000,84.54672292343926,0
2024-12-05,Strawberry,980830.6866067571,1100000,89.16642605515975,0
2024-12-05,Jordanelle,281134.0806128083,320000,87.85440019150259,0
2024-12-05,Utah_Lake,728589.3943266856,850000,85.71639933255125,0
2024-12-06,Strawberry,979416.1659278884,1100000,89.03783326617167,0
2024-12-06,Jordanelle,287995.9857885582,320000,89.99874555892444,0
2024-12-06,Utah_Lake,718307.7778450296,850000,84.50679739353289,0
2024-12-07,Strawberry,979592.1778204301,1100000,89.05383434731183,0
2024-12-07,Jordanelle,297124.53373495204,320000,92.85141679217251,0
2024-12-07,Utah_Lake,728885.5045727019,850000,85.75123583208257,0
2024-12-08,Strawberry,978970.0160605593,1100000,88.99727418732357,0
2024-12-08,Jordanelle,291024.3502163046,320000,90.94510944259518,0
2024-12-08,Utah_Lake,732691.7112694831,850000,86.1990248552333,0
2024-12-09,Strawberry,983860.7677099571,1100000,89.44188797363246,0
2024-12-09,Jordanelle,285473.76035877544,320000,89.21055011211733,0
2024-12-09,Utah_Lake,730998.1442935471,850000,85.99978168159377,0
2024-12-10,Strawberry,983900.6008421812,1100000,89.44550916747103,0
2024-12-10,Jordanelle,292601.08969267126,320000,91.43784052895977,0
2024-12-10,Utah_Lake,725507.4421213267,850000,85.35381672015609,0
2024-12-11,Strawberry,983652.5804689801,1100000,89.42296186081637,0
2024-12-11,Jordanelle,286830.20466936374,320000,89.63443895917617,0
2024-12-11,Utah_Lake,737202.3977498458,850000,86.72969385292303,0
2024-12-12,Strawberry,987792.9301397149,1100000,89.79935728542863,0
2024-12-12,Jordanelle,277696.4583970065,320000,86.78014324906454,0
2024-12-12,Utah_Lake,733218.4337606003,850000,86.26099220712945,0
2024-12-13,Strawberry,979870.132866707,1100000,89.07910298788246,0
2024-12-13,Jordanelle,293345.84963358066,320000,91.67057801049395,0
2024-12-13,Utah_Lake,735231.3253547814,850000,86.49780298291545,0
2024-12-14,Strawberry,991296.4720814808,1100000,90.11786109831644,0
2024-12-14,Jordanelle,301481.26170259586,320000,94.21289428206121,0
2024-12-14,Utah_Lake,731785.1620620538,850000,86.09237200730044,0
2024-12-15,Strawberry,999631.4641847485,1100000,90.87558765315895,0
2024-12-15,Jordanelle,295413.9965833728,320000,92.316873932304,0
2024-12-15,Utah_Lake,741858.9271267975,850000,87.27752083844676,0
2024-12-16,Strawberry,992504.8855156507,1100000,90.22771686505916,0
2024-12-16,Jordanelle,297954.13783086976,320000,93.1106680721468,0
2024-12-16,Utah_Lake,731505.6361941976,850000,86.05948661108206,0
2024-12-17,Strawberry,989068.823279811,1100000,89.9153475708919,0
2024-12-17,Jordanelle,293313.743945784,320000,91.6605449830575,0
2024-12-17,Utah_Lake,736364.10791448,850000,86.63107151935058,0
2024-12-18,Strawberry,988342.873364757,1100000,89.84935212406883,0
2024-12-18,Jordanelle,302319.73496999964,320000,94.47491717812488,0
2024-12-18,Utah_Lake,733155.0576922053,850000,86.25353619908299,0
2024-12-19,Strawberry,992429.3076057206,1100000,90.2208461459746,0
2024-12-19,Jordanelle,301281.9022078243,320000,94.1505944399451,0
2024-12-19,Utah_Lake,732253.9632932422,850000,86.14752509332261,0
2024-12-20,Strawberry,991300.4607052504,1100000,90.1182237004773,0
2024-12-20,Jordanelle,292810.2896853462,320000,91.50321552667067,0
2024-12-20,Utah_Lake,737886.5255863023,850000,86.81017948074144,0
2024-12-21,Strawberry,997820.8180040146,1100000,90.7109834549104,0
2024-12-21,Jordanelle,292911.3306045177,320000,91.53479081391178,0
2024-12-21,Utah_Lake,738634.3429796827,850000,86.89815799760974,0
2024-12-22,Strawberry,978109.7624679869,1100000,88.91906931527154,0
2024-12-22,Jordanelle,290922.20163541194,320000,90.91318801106623,0
2024-12-22,Utah_Lake,741611.4388713423,850000,87.24840457309911,0
2024-12-23,Strawberry,996843.5005682323,1100000,90.62213641529384,0
2024-12-23,Jordanelle,288677.6950999975,320000,90.21177971874921,0
2024-12-23,Utah_Lake,737156.4767309657,850000,86.7242913801136,0
2024-12-24,Strawberry,1002065.8129793565,1100000,91.09689208903241,0
2024-12-24,Jordanelle,297195.82557616715,320000,92.87369549255223,0
2024-12-24,Utah_Lake,748206.8115132715,850000,88.02433076626724,0
2024-12-25,Strawberry,990791.3571012891,1100000,90.07194155466264,0
2024-12-25,Jordanelle,295349.76977205696,320000,92.29680305376779,0
2024-12-25,Utah_Lake,737461.3712113657,850000,86.7601613189842,0
2024-12-26,Strawberry,996626.6754450875,1100000,90.60242504046249,0
2024-12-26,Jordanelle,301718.8587388023,320000,94.28714335587573,0
2024-12-26,Utah_Lake,748399.2851639687,850000,88.04697472517279,0
2024-12-27,Strawberry,1002433.7927629463,1100000,91.13034479663149,0
2024-12-27,Jordanelle,288889.93092268216,320000,90.27810341333817,0
2024-12-27,Utah_Lake,743846.9373344334,850000,87.51140439228628,0
2024-12-28,Strawberry,1005793.1674925673,1100000,91.4357424993243,0
2024-12-28,Jordanelle,297216.66271828575,320000,92.8802070994643,0
2024-12-28,Utah_Lake,749761.5015848858,850000,88.2072354805748,0
2024-12-29,Strawberry,987618.5685644979,1100000,89.78350623313617,0
2024-12-29,Jordanelle,301452.7777147254,320000,94.20399303585168,0
2024-12-29,Utah_Lake,747039.3975858282,850000,87.88698795127391,0
2024-12-30,Strawberry,1006609.640720587,1100000,91.50996733823517,0
2024-12-30,Jordanelle,293486.2644313766,320000,91.71445763480519,0
2024-12-30,Utah_Lake,751835.326479131,850000,88.45121487989776,0
2024-12-31,Strawberry,1009429.0242630051,1100000,91.76627493300047,0
2024-12-31,Jordanelle,290946.9226512274,320000,90.92091332850856,0
2024-12-31,Utah_Lake,735245.7905459469,850000,86.4995047701114,0
